"","USER_ID","ITEM_ID"
"19993","User_Action_1",2244378669
"19994","User_Action_1",3795733351
"19995","User_Action_1",1526402283
"19996","User_Action_1",3170530176
"19997","User_Action_1",1388475471
"19998","User_Action_1",702869886
"19999","User_Action_1",437478400
"20000","User_Action_1",492866343
"20001","User_Action_1",3743899001
"20002","User_Action_1",3893426122
"20003","User_Action_1",4041513972
"20004","User_Action_1",4039661877
"20005","User_Action_1",2282718409
"20006","User_Action_1",3413482048
"20007","User_Action_1",1312289036
"20008","User_Action_1",2201247732
"20009","User_Action_1",749613197
"20010","User_Action_1",147652226
"20011","User_Action_1",4083879799
"20012","User_Action_1",2579699109
"20013","User_Action_1",3865187506
"20014","User_Action_1",1969389152
"20015","User_Action_1",2048265384
"20016","User_Action_1",816354765
"20017","User_Action_1",1625987670
"20018","User_Action_1",2754718131
"20019","User_Action_1",2438884718
"20020","User_Action_1",2932580150
"20021","User_Action_1",200214093
"20022","User_Action_1",477021610
"20023","User_Action_1",2226053
"20024","User_Action_1",4195890580
"20025","User_Action_1",2946050735
"20026","User_Action_1",3662364082
"20027","User_Action_1",2638232045
"20028","User_Action_1",695739935
"20029","User_Action_1",415310446
"20030","User_Action_1",3568382438
"20031","User_Action_1",3911295923
"20032","User_Action_1",3173604621
"20033","User_Action_1",825654641
"20034","User_Action_1",1650014000
"20035","User_Action_1",90299545
"20036","User_Action_1",2704446670
"20037","User_Action_1",4095936118
"20038","User_Action_1",2843606469
"20039","User_Action_1",2715964015
"20040","User_Action_1",2637727056
"20041","User_Action_1",3558042439
"20042","User_Action_1",1583834331
"20043","User_Action_1",489325135
"20044","User_Action_1",864811095
"20045","User_Action_1",2653019833
"20046","User_Action_1",1154075245
"20047","User_Action_1",274947244
"20048","User_Action_1",2184726067
"20049","User_Action_1",3953973913
"20050","User_Action_1",4171294095
"20051","User_Action_1",4077690698
"20052","User_Action_1",1055298557
"20053","User_Action_1",1712414497
"20054","User_Action_1",4024053130
"20055","User_Action_1",2994814378
"20056","User_Action_1",467277842
"20057","User_Action_1",3378065557
"20058","User_Action_1",1933150585
"20059","User_Action_1",3282879464
"20060","User_Action_1",128582171
"20061","User_Action_1",4063929152
"20062","User_Action_1",1385755945
"20063","User_Action_1",414702167
"20064","User_Action_1",635132350
"20065","User_Action_1",2112816509
"20066","User_Action_1",2593673333
"20067","User_Action_1",1384787849
"20068","User_Action_1",1759313771
"20069","User_Action_1",2058611016
"20070","User_Action_1",2952295499
"20071","User_Action_1",2220559961
"20072","User_Action_1",520588162
"20073","User_Action_1",794677084
"20074","User_Action_1",4066659201
"20075","User_Action_1",441549134
"20076","User_Action_1",3577792024
"20077","User_Action_1",18543871
"20078","User_Action_1",3093282609
"20079","User_Action_1",2283484943
"20080","User_Action_1",3330314029
"20081","User_Action_1",2360516294
"20082","User_Action_1",4118047188
"20083","User_Action_1",3850030120
"20084","User_Action_1",2700480972
"20085","User_Action_1",1877091151
"20086","User_Action_1",3354720222
"20087","User_Action_1",2004673408
"20088","User_Action_1",2242024322
"20089","User_Action_1",3870270888
"20090","User_Action_1",2493400580
"20091","User_Action_1",1251423602
"20092","User_Action_1",460571821
"20093","User_Action_1",384587103
"20094","User_Action_1",4088299371
"20095","User_Action_1",3993158363
"20096","User_Action_1",162286328
"20097","User_Action_1",233071959
"20098","User_Action_1",642510747
"20099","User_Action_1",2783583172
"20100","User_Action_1",2968426552
"20101","User_Action_1",2663394683
"20102","User_Action_1",3017842680
"20103","User_Action_1",2543194237
"20104","User_Action_1",3246466805
"20105","User_Action_1",904843203
"20106","User_Action_1",3383369637
"20107","User_Action_1",200122991
"20108","User_Action_1",3163479119
"20109","User_Action_1",2306354835
"20110","User_Action_1",3217056798
"20111","User_Action_1",247152684
"20112","User_Action_1",1817295338
"20113","User_Action_1",1657022687
"20114","User_Action_1",1774178659
"20115","User_Action_1",2327430832
"20116","User_Action_1",402393254
"20117","User_Action_1",3695888249
"20118","User_Action_1",311144615
"20119","User_Action_1",1242736090
"20120","User_Action_1",2514332240
"20121","User_Action_1",2515527091
"20122","User_Action_1",1847353288
"20123","User_Action_1",1514879762
"20124","User_Action_1",3924435752
"20125","User_Action_1",1583790896
"20126","User_Action_1",864315
"20127","User_Action_1",3120151484
"20128","User_Action_1",2169237685
"20129","User_Action_1",1347488564
"20130","User_Action_1",1725379940
"20131","User_Action_1",3921864603
"20132","User_Action_1",3999296292
"20133","User_Action_1",462957394
"20134","User_Action_1",1620303635
"20135","User_Action_1",1630346706
"20136","User_Action_1",842018109
"20137","User_Action_1",4077584696
"20138","User_Action_1",2843419095
"20139","User_Action_1",933196802
"20140","User_Action_1",3170218524
"20141","User_Action_1",2901753232
"20142","User_Action_1",3263299133
"20143","User_Action_1",2138962557
"20144","User_Action_1",1238344124
"20145","User_Action_1",1800587879
"20146","User_Action_1",2112543660
"20147","User_Action_1",3425216035
"20148","User_Action_1",110280830
"20149","User_Action_1",3300106268
"20150","User_Action_1",429538372
"20151","User_Action_1",797203310
"20152","User_Action_1",720401296
"20153","User_Action_1",1753558714
"20154","User_Action_1",472390819
"20155","User_Action_1",2474762857
"20156","User_Action_1",1522331076
"20157","User_Action_1",2549353320
"20158","User_Action_1",3073125807
"20159","User_Action_1",98622335
"20160","User_Action_1",2135752524
"20161","User_Action_1",3344583289
"20162","User_Action_1",1559498475
"20163","User_Action_1",1986259301
"20164","User_Action_1",57771409
"20165","User_Action_1",3684599480
"20166","User_Action_1",1373813615
"20167","User_Action_1",4290309857
"20168","User_Action_1",4288208668
"20169","User_Action_1",479482364
"20170","User_Action_1",703379693
"20171","User_Action_1",2947865080
"20172","User_Action_1",2109419917
"20173","User_Action_1",3322680900
"20174","User_Action_1",533882234
"20175","User_Action_1",2541162708
"20176","User_Action_1",2789122717
"20177","User_Action_1",2045078678
"20178","User_Action_1",688861317
"20179","User_Action_1",2295036799
"20180","User_Action_1",2757960332
"20181","User_Action_1",393031324
"20182","User_Action_1",1461727355
"20183","User_Action_1",4279085124
"20184","User_Action_1",1171650549
"20185","User_Action_1",1583199392
"20186","User_Action_1",4195362593
"20187","User_Action_1",3359007913
"20188","User_Action_1",1649878016
"20189","User_Action_1",3166380341
"20190","User_Action_1",2022102488
"20191","User_Action_1",3941287097
"20192","User_Action_1",1049403637
"20193","User_Action_1",2844111569
"20194","User_Action_1",1023623892
"20195","User_Action_1",1098964885
"20196","User_Action_1",314935489
"20197","User_Action_1",582695604
"20198","User_Action_1",2830953073
"20199","User_Action_1",2511789227
"20200","User_Action_1",1546153771
"20201","User_Action_1",4117218085
"20202","User_Action_1",3673157355
"20203","User_Action_1",4199053428
"20204","User_Action_1",3636138783
"20205","User_Action_1",2020291100
"20206","User_Action_1",3222455426
"20207","User_Action_1",3256476960
"20208","User_Action_1",1397410898
"20209","User_Action_1",2724104732
"20210","User_Action_1",4041785840
"20211","User_Action_1",841814500
"20212","User_Action_1",3946312447
"20213","User_Action_1",1010262908
"20214","User_Action_1",2533286433
"20215","User_Action_1",862186227
"20216","User_Action_1",1542283540
"20217","User_Action_1",3534424066
"20218","User_Action_1",3146391210
"20219","User_Action_1",746733007
"20220","User_Action_1",2471348196
"20221","User_Action_1",254954865
"20222","User_Action_1",2978829624
"20223","User_Action_1",1093410871
"20224","User_Action_1",3804705303
"20225","User_Action_1",4174209621
"20226","User_Action_1",1970797538
"20227","User_Action_1",1552225871
"20228","User_Action_1",3734778955
"20229","User_Action_1",3577293204
"20230","User_Action_1",2065804641
"20231","User_Action_1",2432428844
"20232","User_Action_1",2438222050
"20233","User_Action_1",466656489
"20234","User_Action_1",1921252531
"20235","User_Action_1",3498498109
"20236","User_Action_1",3548828574
"20237","User_Action_1",1493002332
"20238","User_Action_1",1129748613
"20239","User_Action_1",215773131
"20240","User_Action_1",234492611
"20241","User_Action_1",434920781
"20242","User_Action_1",60584674
"20243","User_Action_1",3296126424
"20244","User_Action_1",2215362471
"20245","User_Action_1",402754451
"20246","User_Action_1",3835688039
"20247","User_Action_1",644969913
"20248","User_Action_1",1762547909
"20249","User_Action_1",3995402428
"20250","User_Action_1",2379689640
"20251","User_Action_1",1743384353
"20252","User_Action_1",4186277916
"20253","User_Action_1",547378153
"20254","User_Action_1",3968857676
"20255","User_Action_1",2057111341
"20256","User_Action_1",1496571902
"20257","User_Action_1",2879812507
"20258","User_Action_1",2558968045
"20259","User_Action_1",3341927524
"20260","User_Action_1",3343149656
"20261","User_Action_1",4144701031
"20262","User_Action_1",1825945718
"20263","User_Action_1",2688924807
"20264","User_Action_1",381435443
"20265","User_Action_1",3059719742
"20266","User_Action_1",1168484516
"20267","User_Action_1",698750447
"20268","User_Action_1",2980180522
"20269","User_Action_1",2292402170
"20270","User_Action_1",2053218533
"20271","User_Action_1",1523938306
"20272","User_Action_1",2791621016
"20273","User_Action_1",478001866
"20274","User_Action_1",582689814
"20275","User_Action_1",3288481277
"20276","User_Action_1",697602613
"20277","User_Action_1",3674272639
"20278","User_Action_1",3417862636
"20279","User_Action_1",3240815580
"20280","User_Action_1",1981103178
"20281","User_Action_1",151031552
"20282","User_Action_1",2424707306
"20283","User_Action_1",496412457
"20284","User_Action_1",2264848198
"20285","User_Action_1",3354480569
"20286","User_Action_1",413681089
"20287","User_Action_1",2540053875
"20288","User_Action_1",2999840205
"20289","User_Action_1",1463644716
"20290","User_Action_1",1272661404
"20291","User_Action_1",2560709045
"20292","User_Action_1",4229980076
"20293","User_Action_1",3987168866
"20294","User_Action_1",826805558
"20295","User_Action_1",2728504014
"20296","User_Action_1",898963097
"20297","User_Action_1",1362307487
"20298","User_Action_1",1197915553
"20299","User_Action_1",2529274472
"20300","User_Action_1",1962292378
"20301","User_Action_1",3298340736
"20302","User_Action_1",371457516
"20303","User_Action_1",1236419906
"20304","User_Action_1",2413603865
"20305","User_Action_1",2505315816
"20306","User_Action_1",3302308022
"20307","User_Action_1",3930202267
"20308","User_Action_1",1265116726
"20309","User_Action_1",1451439686
"20310","User_Action_1",1985925015
"20311","User_Action_1",821432882
"20312","User_Action_1",3098003826
"20313","User_Action_1",1004174547
"20314","User_Action_1",4153637095
"20315","User_Action_1",723198603
"20316","User_Action_1",3672540871
"20317","User_Action_1",203668594
"20318","User_Action_1",1857606959
"20319","User_Action_1",96189352
"20320","User_Action_1",1123964584
"20321","User_Action_1",2697478100
"20322","User_Action_1",3695597121
"20323","User_Action_1",2222178924
"20324","User_Action_1",395814806
"20325","User_Action_1",540001173
"20326","User_Action_1",548239244
"20327","User_Action_1",1215174303
"20328","User_Action_1",106976310
"20329","User_Action_1",610209201
"20330","User_Action_1",3138153395
"20331","User_Action_1",1274741291
"20332","User_Action_1",3411440853
"20333","User_Action_1",2461173898
"20334","User_Action_1",599461738
"20335","User_Action_1",2596439340
"20336","User_Action_1",2926853988
"20337","User_Action_1",3608882035
"20338","User_Action_1",1191604348
"20339","User_Action_1",2468622300
"20340","User_Action_1",674087716
"20341","User_Action_1",347459296
"20342","User_Action_1",3097254621
"20343","User_Action_1",2250827160
"20344","User_Action_1",3908728290
"20345","User_Action_1",873353770
"20346","User_Action_1",2305989145
"20347","User_Action_1",2324365527
"20348","User_Action_1",1714398162
"20349","User_Action_1",1435476075
"20350","User_Action_1",2021412894
"20351","User_Action_1",957664880
"20352","User_Action_1",1868065448
"20353","User_Action_1",3991447750
"20354","User_Action_1",128306291
"20355","User_Action_1",228777798
"20356","User_Action_1",3976733841
"20357","User_Action_1",4148450624
"20358","User_Action_1",1017132803
"20359","User_Action_1",3106418339
"20360","User_Action_1",1958875438
"20361","User_Action_1",420548629
"20362","User_Action_1",1732304896
"20363","User_Action_1",1496653269
"20364","User_Action_1",2317772830
"20365","User_Action_1",1021300696
"20366","User_Action_1",3478884348
"20367","User_Action_1",2694615169
"20368","User_Action_1",170664612
"20369","User_Action_1",2414896515
"20370","User_Action_1",2518129653
"20371","User_Action_1",3199050158
"20372","User_Action_1",1343186875
"20373","User_Action_1",4090159435
"20374","User_Action_1",764219808
"20375","User_Action_1",1105238946
"20376","User_Action_1",1243600367
"20377","User_Action_1",4282350436
"20378","User_Action_1",3676019455
"20379","User_Action_1",1396344892
"20380","User_Action_1",2939415590
"20381","User_Action_1",3360685899
"20382","User_Action_1",1473088597
"20383","User_Action_1",491235389
"20384","User_Action_1",566440383
"20385","User_Action_1",3594369146
"20386","User_Action_1",1582433928
"20387","User_Action_1",3328056541
"20388","User_Action_1",4166221371
"20389","User_Action_1",2819791791
"20390","User_Action_1",3133037753
"20391","User_Action_1",1038812581
"20392","User_Action_1",225304784
"20393","User_Action_1",4088090713
"20394","User_Action_1",1861707536
"20395","User_Action_1",2131590228
"20396","User_Action_1",916862644
"20397","User_Action_1",4063112426
"20398","User_Action_1",3655009673
"20399","User_Action_1",1371622184
"20400","User_Action_1",3640053956
"20401","User_Action_1",642992812
"20402","User_Action_1",3095444040
"20403","User_Action_1",4099291438
"20404","User_Action_1",3782321225
"20405","User_Action_1",2617082366
"20406","User_Action_1",1384461237
"20407","User_Action_1",3359546918
"20408","User_Action_1",4145826949
"20409","User_Action_1",593925644
"20410","User_Action_1",2288328089
"20411","User_Action_1",1678865969
"20412","User_Action_1",4188530682
"20413","User_Action_1",147852529
"20414","User_Action_1",1818580266
"20415","User_Action_1",553710792
"20416","User_Action_1",2111196325
"20417","User_Action_1",1667970751
"20418","User_Action_1",515307580
"20419","User_Action_1",305692192
"20420","User_Action_1",832438841
"20421","User_Action_1",714427496
"20422","User_Action_1",3530004181
"20423","User_Action_1",2437309350
"20424","User_Action_1",278393556
"20425","User_Action_1",4107475793
"20426","User_Action_1",525967739
"20427","User_Action_1",3363786697
"20428","User_Action_1",622591161
"20429","User_Action_1",1483711787
"20430","User_Action_1",3384400027
"20431","User_Action_1",501972017
"20432","User_Action_1",1193070733
"20433","User_Action_1",4051460824
"20434","User_Action_1",3767528894
"20435","User_Action_1",2763710949
"20436","User_Action_1",2161345581
"20437","User_Action_1",899693073
"20438","User_Action_1",1755468505
"20439","User_Action_1",1959099217
"20440","User_Action_1",2568900904
"20441","User_Action_1",1757900099
"20442","User_Action_1",1075251084
"20443","User_Action_1",1169814505
"20444","User_Action_1",1477337326
"20445","User_Action_1",544389245
"20446","User_Action_1",337677833
"20447","User_Action_1",1148173139
"20448","User_Action_1",772795269
"20449","User_Action_1",2711513283
"20450","User_Action_1",224603744
"20451","User_Action_1",436452602
"20452","User_Action_1",4133477813
"20453","User_Action_1",3653712928
"20454","User_Action_1",2521530862
"20455","User_Action_1",1842581889
"20456","User_Action_1",1952331386
"20457","User_Action_1",2675966492
"20458","User_Action_1",953129238
"20459","User_Action_1",2358838354
"20460","User_Action_1",1031836223
"20461","User_Action_1",1994246623
"20462","User_Action_1",3529621712
"20463","User_Action_1",3011669499
"20464","User_Action_1",1795079433
"20465","User_Action_1",1739438513
"20466","User_Action_1",1957304227
"20467","User_Action_1",2998132198
"20468","User_Action_1",3838365535
"20469","User_Action_1",1294436393
"20470","User_Action_1",566869367
"20471","User_Action_1",2788489717
"20472","User_Action_1",1996882811
"20473","User_Action_1",3416493802
"20474","User_Action_1",2675498309
"20475","User_Action_1",3306153472
"20476","User_Action_1",1492694671
"20477","User_Action_1",2255116524
"20478","User_Action_1",1784485035
"20479","User_Action_1",674107549
"20480","User_Action_1",1427040428
"20481","User_Action_1",1356347561
"20482","User_Action_1",3094693998
"20483","User_Action_1",4123964908
"20484","User_Action_1",2857637624
"20485","User_Action_1",3558640097
"20486","User_Action_1",3278074176
"20487","User_Action_1",2810705316
"20488","User_Action_1",2277758802
"20489","User_Action_1",848573031
"20490","User_Action_1",1276895102
"20491","User_Action_1",658984287
"20492","User_Action_1",629935799
"20493","User_Action_1",783279925
"20494","User_Action_1",3392245467
"20495","User_Action_1",2961393588
"20496","User_Action_1",1309447850
"20497","User_Action_1",2035580680
"20498","User_Action_1",1126353993
"20499","User_Action_1",2931947791
"20500","User_Action_1",3168724083
"20501","User_Action_1",1779394233
"20502","User_Action_1",1543407605
"20503","User_Action_1",176987071
"20504","User_Action_1",1179508584
"20505","User_Action_1",301329752
"20506","User_Action_1",1555439257
"20507","User_Action_1",413392831
"20508","User_Action_1",3715816174
"20509","User_Action_1",2946984047
"20510","User_Action_1",248859471
"20511","User_Action_1",3294858104
"20512","User_Action_1",3426197219
"20513","User_Action_1",2509342163
"20514","User_Action_1",2963533013
"20515","User_Action_1",2125436556
"20516","User_Action_1",1137126469
"20517","User_Action_1",3886440618
"20518","User_Action_1",2265651366
"20519","User_Action_1",967095788
"20520","User_Action_1",73849960
"20521","User_Action_1",336838742
"20522","User_Action_1",3152357764
"20523","User_Action_1",167785449
"20524","User_Action_1",767384173
"20525","User_Action_1",2805587859
"20526","User_Action_1",3562618391
"20527","User_Action_1",793882888
"20528","User_Action_1",1421381901
"20529","User_Action_1",2894131404
"20530","User_Action_1",3605067449
"20531","User_Action_1",3888750560
"20532","User_Action_1",4098309884
"20533","User_Action_1",1857723093
"20534","User_Action_1",2253330142
"20535","User_Action_1",3541284523
"20536","User_Action_1",2954092039
"20537","User_Action_1",1272471368
"20538","User_Action_1",2190550931
"20539","User_Action_1",2403296352
"20540","User_Action_1",1095513326
"20541","User_Action_1",1436214967
"20542","User_Action_1",296614961
"20543","User_Action_1",1082962904
"20544","User_Action_1",1769813121
"20545","User_Action_1",3286068982
"20546","User_Action_1",2022351810
"20547","User_Action_1",900390151
"20548","User_Action_1",2167489405
"20549","User_Action_1",2130039290
"20550","User_Action_1",3403361118
"20551","User_Action_1",3697543945
"20552","User_Action_1",2908269352
"20553","User_Action_1",1070663454
"20554","User_Action_1",555651479
"20555","User_Action_1",3699977171
"20556","User_Action_1",1489609158
"20557","User_Action_1",4207049390
"20558","User_Action_1",2337390154
"20559","User_Action_1",915822087
"20560","User_Action_1",4031615487
"20561","User_Action_1",854341477
"20562","User_Action_1",3019605746
"20563","User_Action_1",4144836330
"20564","User_Action_1",3557793145
"20565","User_Action_1",3064550781
"20566","User_Action_1",122666886
"20567","User_Action_1",2063224774
"20568","User_Action_1",1652367506
"20569","User_Action_1",4048439685
"20570","User_Action_1",3662503442
"20571","User_Action_1",1489368827
"20572","User_Action_1",2607684203
"20573","User_Action_1",2608365923
"20574","User_Action_1",1358000238
"20575","User_Action_1",2710220762
"20576","User_Action_1",2178814959
"20577","User_Action_1",1734975978
"20578","User_Action_1",3252954005
"20579","User_Action_1",2350115311
"20580","User_Action_1",2172502058
"20581","User_Action_1",3594324777
"20582","User_Action_1",837548008
"20583","User_Action_1",1836256183
"20584","User_Action_1",2741245070
"20585","User_Action_1",2879151396
"20586","User_Action_1",3750560886
"20587","User_Action_1",1282920416
"20588","User_Action_1",2218675947
"20589","User_Action_1",2896387031
"20590","User_Action_1",3332095484
"20591","User_Action_1",4108496191
"20592","User_Action_1",781151882
"20593","User_Action_1",2378638269
"20594","User_Action_1",1421890469
"20595","User_Action_1",316649818
"20596","User_Action_1",3450082140
"20597","User_Action_1",1003786998
"20598","User_Action_1",2599721554
"20599","User_Action_1",492277026
"20600","User_Action_1",483968991
"20601","User_Action_1",817368992
"20602","User_Action_1",2827796304
"20603","User_Action_1",2891518575
"20604","User_Action_1",1293136701
"20605","User_Action_1",2431852208
"20606","User_Action_1",1499627460
"20607","User_Action_1",2435245140
"20608","User_Action_1",902513922
"20609","User_Action_1",1405197787
"20610","User_Action_1",1472482843
"20611","User_Action_1",1603553119
"20612","User_Action_1",4163041930
"20613","User_Action_1",1312484686
"20614","User_Action_1",2839969167
"20615","User_Action_1",1463090290
"20616","User_Action_1",1997447227
"20617","User_Action_1",1747759368
"20618","User_Action_1",751541720
"20619","User_Action_1",3245067468
"20620","User_Action_1",3948420500
"20621","User_Action_1",1228793805
"20622","User_Action_1",239953093
"20623","User_Action_1",1544142199
"20624","User_Action_1",1234917919
"20625","User_Action_1",3411841012
"20626","User_Action_1",2570799337
"20627","User_Action_1",675734558
"20628","User_Action_1",4192313813
"20629","User_Action_1",1979098260
"20630","User_Action_1",1298515193
"20631","User_Action_1",1206540673
"20632","User_Action_1",2371265653
"20633","User_Action_1",3552810670
"20634","User_Action_1",2114934861
"20635","User_Action_1",861732029
"20636","User_Action_1",1563195054
"20637","User_Action_1",819862224
"20638","User_Action_1",2983494877
"20639","User_Action_1",3554512116
"20640","User_Action_1",3098851945
"20641","User_Action_1",134444202
"20642","User_Action_1",3820661230
"20643","User_Action_1",2074489078
"20644","User_Action_1",3039188363
"20645","User_Action_1",4061726452
"20646","User_Action_1",4145250559
"20647","User_Action_1",149473491
"20648","User_Action_1",1493323792
"20649","User_Action_1",3050306027
"20650","User_Action_1",829648879
"20651","User_Action_1",1555184366
"20652","User_Action_1",1426423037
"20653","User_Action_1",1629641313
"20654","User_Action_1",448331367
"20655","User_Action_1",1021019300
"20656","User_Action_1",3460625236
"20657","User_Action_1",3838268910
"20658","User_Action_1",2136183609
"20659","User_Action_1",844462281
"20660","User_Action_1",1824137742
"20661","User_Action_1",3477860290
"20662","User_Action_1",1851634908
"20663","User_Action_1",82538220
"20664","User_Action_1",133200515
"20665","User_Action_1",1771509875
"20666","User_Action_1",2308113228
"20667","User_Action_1",216292129
"20668","User_Action_1",3408346969
"20669","User_Action_1",231405567
"20670","User_Action_1",3450624205
"20671","User_Action_1",1283534154
"20672","User_Action_1",1795723797
"20673","User_Action_1",2776383024
"20674","User_Action_1",2848902606
"20675","User_Action_1",3845327979
"20676","User_Action_1",3271863725
"20677","User_Action_1",2541229212
"20678","User_Action_1",1458275753
"20679","User_Action_1",2076127617
"20680","User_Action_1",1496036814
"20681","User_Action_1",978227465
"20682","User_Action_1",1752268231
"20683","User_Action_1",3696460420
"20684","User_Action_1",2816695477
"20685","User_Action_1",1420834437
"20686","User_Action_1",1238858804
"20687","User_Action_1",3143491844
"20688","User_Action_1",2993075428
"20689","User_Action_1",370893895
"20690","User_Action_1",1390655651
"20691","User_Action_1",3212406091
"20692","User_Action_1",161447856
"20693","User_Action_1",1049796265
"20694","User_Action_1",1955843911
"20695","User_Action_1",240151974
"20696","User_Action_1",1849576952
"20697","User_Action_1",1615578365
"20698","User_Action_1",2184538385
"20699","User_Action_1",3347700339
"20700","User_Action_1",1889946761
"20701","User_Action_1",4213759844
"20702","User_Action_1",2849068812
"20703","User_Action_1",1302385452
"20704","User_Action_1",2580466500
"20705","User_Action_1",3969140010
"20706","User_Action_1",905503284
"20707","User_Action_1",1741467652
"20708","User_Action_1",1442448424
"20709","User_Action_1",2558549652
"20710","User_Action_1",822641272
"20711","User_Action_1",1410673972
"20712","User_Action_1",1694039932
"20713","User_Action_1",1563655968
"20714","User_Action_1",379578479
"20715","User_Action_1",1593099739
"20716","User_Action_1",1730143080
"20717","User_Action_1",901238236
"20718","User_Action_1",1962595325
"20719","User_Action_1",766088906
"20720","User_Action_1",3925380301
"20721","User_Action_1",2868904469
"20722","User_Action_1",503247953
"20723","User_Action_1",2256653609
"20724","User_Action_1",748878675
"20725","User_Action_1",1112370667
"20726","User_Action_1",1252504848
"20727","User_Action_1",1158099775
"20728","User_Action_1",3088878029
"20729","User_Action_1",1938561582
"20730","User_Action_1",2737820381
"20731","User_Action_1",707031462
"20732","User_Action_1",393498830
"20733","User_Action_1",3924608535
"20734","User_Action_1",2448164570
"20735","User_Action_1",1568455002
"20736","User_Action_1",993785487
"20737","User_Action_1",4208420218
"20738","User_Action_1",4088451839
"20739","User_Action_1",1850459417
"20740","User_Action_1",3992515284
"20741","User_Action_1",1083576526
"20742","User_Action_1",107743712
"20743","User_Action_1",4047641765
"20744","User_Action_1",2532195887
"20745","User_Action_1",1628015027
"20746","User_Action_1",84761872
"20747","User_Action_1",3464140071
"20748","User_Action_1",2932804627
"20749","User_Action_1",1764942005
"20750","User_Action_1",1258268899
"20751","User_Action_1",1323343719
"20752","User_Action_1",3769737079
"20753","User_Action_1",3658872676
"20754","User_Action_1",1903748234
"20755","User_Action_1",4223273546
"20756","User_Action_1",3132624233
"20757","User_Action_1",2808042455
"20758","User_Action_1",1008381359
"20759","User_Action_1",1636706842
"20760","User_Action_1",3050173323
"20761","User_Action_1",3465335459
"20762","User_Action_1",2615231879
"20763","User_Action_1",1669947572
"20764","User_Action_1",1744307718
"20765","User_Action_1",1574890650
"20766","User_Action_1",2383638556
"20767","User_Action_1",2665599324
"20768","User_Action_1",1784328618
"20769","User_Action_1",2916475814
"20770","User_Action_1",1647485188
"20771","User_Action_1",2353463106
"20772","User_Action_1",3092200491
"20773","User_Action_1",2869395060
"20774","User_Action_1",3921691680
"20775","User_Action_1",2756443571
"20776","User_Action_1",2886954080
"20777","User_Action_1",414336058
"20778","User_Action_1",3681732177
"20779","User_Action_1",4243102785
"20780","User_Action_1",2691277077
"20781","User_Action_1",2127225193
"20782","User_Action_1",454968016
"20783","User_Action_1",1225837915
"20784","User_Action_1",2795813252
"20785","User_Action_1",2524976430
"20786","User_Action_1",2086192197
"20787","User_Action_1",1708672258
"20788","User_Action_1",18317547
"20789","User_Action_1",1483209528
"20790","User_Action_1",1587758006
"20791","User_Action_1",1051940129
"20792","User_Action_1",656699002
"20793","User_Action_1",3412257681
"20794","User_Action_1",183413550
"20795","User_Action_1",374191305
"20796","User_Action_1",3120711257
"20797","User_Action_1",267148455
"20798","User_Action_1",892866502
"20799","User_Action_1",3279321685
"20800","User_Action_1",1382916998
"20801","User_Action_1",794739451
"20802","User_Action_1",375783511
"20803","User_Action_1",1814930359
"20804","User_Action_1",4217599193
"20805","User_Action_1",2750476170
"20806","User_Action_1",2922127823
"20807","User_Action_1",3339057594
"20808","User_Action_1",2845278713
"20809","User_Action_1",2803096300
"20810","User_Action_1",2098555504
"20811","User_Action_1",3381543412
"20812","User_Action_1",1002271806
"20813","User_Action_1",1962672505
"20814","User_Action_1",4135467715
"20815","User_Action_1",282339124
"20816","User_Action_1",1695811600
"20817","User_Action_1",3847149639
"20818","User_Action_1",907409964
"20819","User_Action_1",492590134
"20820","User_Action_1",609567130
"20821","User_Action_1",96567284
"20822","User_Action_1",1546360435
"20823","User_Action_1",2526422060
"20824","User_Action_1",2603856301
"20825","User_Action_1",717122535
"20826","User_Action_1",1548950893
"20827","User_Action_1",3498067731
"20828","User_Action_1",692551952
"20829","User_Action_1",3951511602
"20830","User_Action_1",4028623158
"20831","User_Action_1",1315902317
"20832","User_Action_1",2565612152
"20833","User_Action_1",491389906
"20834","User_Action_1",3714527975
"20835","User_Action_1",2121475640
"20836","User_Action_1",1911663302
"20837","User_Action_1",3408081455
"20838","User_Action_1",812903399
"20839","User_Action_1",790904366
"20840","User_Action_1",3466356529
"20841","User_Action_1",134584229
"20842","User_Action_1",397956770
"20843","User_Action_1",3601281261
"20844","User_Action_1",1126808905
"20845","User_Action_1",4162468202
"20846","User_Action_1",2264487852
"20847","User_Action_1",3363567581
"20848","User_Action_1",3557114509
"20849","User_Action_1",2798312775
"20850","User_Action_1",924564126
"20851","User_Action_1",2325404243
"20852","User_Action_1",925062786
"20853","User_Action_1",610503700
"20854","User_Action_1",2184139922
"20855","User_Action_1",2938529907
"20856","User_Action_1",2600946909
"20857","User_Action_1",3619657137
"20858","User_Action_1",3036127729
"20859","User_Action_1",1695944028
"20860","User_Action_1",3898794122
"20861","User_Action_1",3207060086
"20862","User_Action_1",3610942066
"20863","User_Action_1",2953933602
"20864","User_Action_1",959785880
"20865","User_Action_1",942682545
"20866","User_Action_1",1752680302
"20867","User_Action_1",3894562925
"20868","User_Action_1",3790824690
"20869","User_Action_1",3252418294
"20870","User_Action_1",2546565884
"20871","User_Action_1",1533675407
"20872","User_Action_1",1977776935
"20873","User_Action_1",1606708775
"20874","User_Action_1",4029869983
"20875","User_Action_1",62754011
"20876","User_Action_1",2563736354
"20877","User_Action_1",2325025662
"20878","User_Action_1",2253873956
"20879","User_Action_1",1806866946
"20880","User_Action_1",447094504
"20881","User_Action_1",1787802450
"20882","User_Action_1",3209836537
"20883","User_Action_1",2382388916
"20884","User_Action_1",1999032342
"20885","User_Action_1",3970139284
"20886","User_Action_1",3233466002
"20887","User_Action_1",411753699
"20888","User_Action_1",577811303
"20889","User_Action_1",2331515278
"20890","User_Action_1",3315665566
"20891","User_Action_1",4231579989
"20892","User_Action_1",1594254291
"20893","User_Action_1",4158852574
"20894","User_Action_1",829814408
"20895","User_Action_1",1466415537
"20896","User_Action_1",361224196
"20897","User_Action_1",3818555069
"20898","User_Action_1",1493466895
"20899","User_Action_1",2434535237
"20900","User_Action_1",3719302256
"20901","User_Action_1",2782725338
"20902","User_Action_1",2153549160
"20903","User_Action_1",209815063
"20904","User_Action_1",1918949164
"20905","User_Action_1",111693422
"20906","User_Action_1",1991745892
"20907","User_Action_1",1619062100
"20908","User_Action_1",3712294773
"20909","User_Action_1",2381597168
"20910","User_Action_1",1925087255
"20911","User_Action_1",437361045
"20912","User_Action_1",3411196442
"20913","User_Action_1",3420709166
"20914","User_Action_1",3593809510
"20915","User_Action_1",398101766
"20916","User_Action_1",1990885565
"20917","User_Action_1",268096855
"20918","User_Action_1",2898007889
"20919","User_Action_1",1304881276
"20920","User_Action_1",456502951
"20921","User_Action_1",446438482
"20922","User_Action_1",3867392647
"20923","User_Action_1",84699194
"20924","User_Action_1",1995337558
"20925","User_Action_1",4265676328
"20926","User_Action_1",1941776868
"20927","User_Action_1",3439872207
"20928","User_Action_1",1701966030
"20929","User_Action_1",1947915860
"20930","User_Action_1",2963180326
"20931","User_Action_1",1093485639
"20932","User_Action_1",3875384603
"20933","User_Action_1",538884970
"20934","User_Action_1",697643967
"20935","User_Action_1",1151923463
"20936","User_Action_1",3378293541
"20937","User_Action_1",3664125358
"20938","User_Action_1",4008055576
"20939","User_Action_1",3066403622
"20940","User_Action_1",4004081071
"20941","User_Action_1",1012581600
"20942","User_Action_1",2954823972
"20943","User_Action_1",1994880874
"20944","User_Action_1",4033315284
"20945","User_Action_1",1445435758
"20946","User_Action_1",707249671
"20947","User_Action_1",2223760081
"20948","User_Action_1",851623768
"20949","User_Action_1",23791111
"20950","User_Action_1",127984164
"20951","User_Action_1",2729613047
"20952","User_Action_1",103645464
"20953","User_Action_1",3312284081
"20954","User_Action_1",2706520422
"20955","User_Action_1",2494477417
"20956","User_Action_1",2374281476
"20957","User_Action_1",1003362150
"20958","User_Action_1",2741869841
"20959","User_Action_1",270833582
"20960","User_Action_1",4260915077
"20961","User_Action_1",207189890
"20962","User_Action_1",2042611719
"20963","User_Action_1",367652215
"20964","User_Action_1",3822377483
"20965","User_Action_1",2272288365
"20966","User_Action_1",2199718909
"20967","User_Action_1",2372453112
"20968","User_Action_1",1978691204
"20969","User_Action_1",2264096635
"20970","User_Action_1",1783130320
"20971","User_Action_1",3586229294
"20972","User_Action_1",2971652632
"20973","User_Action_1",2583753445
"20974","User_Action_1",4065993801
"20975","User_Action_1",3704168982
"20976","User_Action_1",2269367897
"20977","User_Action_1",280318370
"20978","User_Action_1",3015228337
"20979","User_Action_1",3699412634
"20980","User_Action_1",3702365928
"20981","User_Action_1",1102301835
"20982","User_Action_1",1183672487
"20983","User_Action_1",3783509976
"20984","User_Action_1",400741180
"20985","User_Action_1",3387710052
"20986","User_Action_1",45321916
"20987","User_Action_1",1530673541
"20988","User_Action_1",3294384020
"20989","User_Action_1",3102854521
"20990","User_Action_1",967083478
"20991","User_Action_1",3051655513
"20992","User_Action_1",3369856819
"20993","User_Action_1",1639080334
"20994","User_Action_1",2574717941
"20995","User_Action_1",1705317079
"20996","User_Action_1",1156239129
"20997","User_Action_1",2992715539
"20998","User_Action_1",2448453237
"20999","User_Action_1",619487344
"21000","User_Action_1",446141720
"21001","User_Action_1",3630408505
"21002","User_Action_1",2868047235
"21003","User_Action_1",307815274
